<?xml version="1.0" encoding="UTF-8"?>
<project-private xmlns="http://www.netbeans.org/ns/project-private/1">
    <editor-bookmarks xmlns="http://www.netbeans.org/ns/editor-bookmarks/2" lastBookmarkId="0"/>
    <open-files xmlns="http://www.netbeans.org/ns/projectui-open-files/2">
        <group>
            <file>file:/C:/Users/FAMILIA/Saved%20Games/Nueva%20carpeta/FrivPropio/web/index.jsp</file>
            <file>file:/C:/Users/FAMILIA/Saved%20Games/Nueva%20carpeta/FrivPropio/src/java/TiposUsuarios/Admin.java</file>
            <file>file:/C:/Users/FAMILIA/Saved%20Games/Nueva%20carpeta/FrivPropio/src/java/servlets/Register.java</file>
            <file>file:/C:/Users/FAMILIA/Saved%20Games/Nueva%20carpeta/FrivPropio/web/newjsp.jsp</file>
            <file>file:/C:/Users/FAMILIA/Saved%20Games/Nueva%20carpeta/FrivPropio/src/java/TiposUsuarios/Usuario.java</file>
            <file>file:/C:/Users/FAMILIA/Saved%20Games/Nueva%20carpeta/FrivPropio/src/java/datos/dbConexion.java</file>
            <file>file:/C:/Users/FAMILIA/Saved%20Games/Nueva%20carpeta/FrivPropio/web/WEB-INF/web.xml</file>
        </group>
    </open-files>
</project-private>
